Function,Total Time (seconds) over 10000 calls with 1000 length
method_regex,0.020087874998353072
method_regex_replace,0.02744320799865818
method_loop_in,0.07687966600133223
method_set_intersection,0.08247533299982024
method_any_gen,0.13721775000158232
method_map,0.19225795900092635
method_filter,0.24430233400016732
method_loop_or,0.7691240419990208
method_nested_loop,0.7970870829994965
method_prime,2.6191179160014144
