Function,Total Time (seconds) over 10000 calls with 1000 length
method_regex,0.02530145899982017
method_regex_replace,0.027414500000304542
method_set_intersection,0.08017108300009568
method_loop_in,0.10064108299957297
method_any_gen,0.17911083299986785
method_filter,0.2440426249995653
method_map,0.25246783300099196
method_loop_or,1.0293985000007524
method_nested_loop,1.0463515000010375
method_prime,2.6056735000001936
